<?xml version="1.0" encoding="UTF-8"?>
<assembly
	xmlns="http://maven.apache.org/plugins/maven-assembly-plugin/assembly/1.1.0"
	xmlns:xsi="http://www.w3.org/2001/XMLSchema-instance"
	xsi:schemaLocation="http://maven.apache.org/plugins/maven-assembly-plugin/assembly/1.1.0 http://maven.apache.org/xsd/assembly-1.1.0.xsd">
	<id>bin</id>
	<formats>
		<format>zip</format>
	</formats>
	<fileSets>
		<fileSet>
			<directory>src/main/bin</directory>
			<outputDirectory>bin</outputDirectory>
		</fileSet>
		<fileSet>
			<directory>src/main/log</directory>
			<outputDirectory>log</outputDirectory>
		</fileSet>
		<fileSet>
			<directory>src/main/resources/config</directory>
			<outputDirectory>config</outputDirectory>
			<includes>
				<include>*.xml</include>
				<include>*.properties</include>
			</includes>
		</fileSet>
		<fileSet>
			<directory>src/main/resources/jobrequests</directory>
			<outputDirectory>jobrequests</outputDirectory>		
			<includes>
				<include>**/*.*</include>			
			</includes>
		</fileSet>
		<fileSet>
			<directory>src/main/resources/jobresults</directory>
			<outputDirectory>jobresults</outputDirectory>
			<excludes>				
				<exclude>**/*.*</exclude>				
			</excludes>
		</fileSet>
		<fileSet>
			<directory>src/main/resources/templates</directory>
			<outputDirectory>templates</outputDirectory>
			<includes>
				<include>**/*.*</include>			
			</includes>
		</fileSet>
		<fileSet>
			<directory>src/main/resources/monitor</directory>
			<outputDirectory>monitor</outputDirectory>
			<includes>
				<include>**/*.*</include>			
			</includes>		
		</fileSet>		
	</fileSets>
	<dependencySets>
		<dependencySet>
			<!-- Define jar file name format, exclude version from file name -->
			<outputFileNameMapping>${artifact.artifactId}.${artifact.extension}</outputFileNameMapping>
			<outputDirectory>lib</outputDirectory>
		</dependencySet>
	</dependencySets>
</assembly>